-- phpMyAdmin SQL Dump
-- version 3.5.8.2
-- http://www.phpmyadmin.net
--
-- Client: localhost
-- Généré le: Ven 21 Novembre 2014 à 19:45
-- Version du serveur: 5.5.31
-- Version de PHP: 5.3.28

SET SQL_MODE="NO_AUTO_VALUE_ON_ZERO";
SET time_zone = "+00:00";


/*!40101 SET @OLD_CHARACTER_SET_CLIENT=@@CHARACTER_SET_CLIENT */;
/*!40101 SET @OLD_CHARACTER_SET_RESULTS=@@CHARACTER_SET_RESULTS */;
/*!40101 SET @OLD_COLLATION_CONNECTION=@@COLLATION_CONNECTION */;
/*!40101 SET NAMES utf8 */;

--
-- Base de données: `iamdictc_db`
--

-- --------------------------------------------------------

--
-- Structure de la table `sentence`
--

CREATE TABLE IF NOT EXISTS `sentence` (
  `word_id` int(255) NOT NULL COMMENT 'word id #ref',
  `auto_id` int(255) NOT NULL AUTO_INCREMENT COMMENT 'auto id',
  `sentence` text COLLATE utf8_bin NOT NULL COMMENT 'sentence',
  PRIMARY KEY (`auto_id`)
) ENGINE=MyISAM  DEFAULT CHARSET=utf8 COLLATE=utf8_bin AUTO_INCREMENT=435 ;

--
-- Contenu de la table `sentence`
--

INSERT INTO `sentence` (`word_id`, `auto_id`, `sentence`) VALUES
(393, 426, 'I love you.'),
(40, 10, 'What happen next ?'),
(39, 9, 'What happen with you last night'),
(39, 8, 'What happen next ?'),
(40, 11, 'What happen with you last night'),
(41, 12, 'What happen next ?'),
(41, 13, 'What happen with you last night'),
(42, 14, 'What happen next ?'),
(42, 15, 'What happen with you last night'),
(43, 16, 'What happen next ?'),
(43, 17, 'What happen with you last night'),
(44, 18, 'What happen next ?'),
(44, 19, 'What happen with you last night'),
(45, 20, 'What happen next ?'),
(45, 21, 'What happen with you last night'),
(46, 22, 'What happen next ?'),
(47, 23, 'What happen next ?'),
(48, 24, 'Congratulation to your success.'),
(48, 25, 'wow congratulation.'),
(49, 26, 'Are you like baby ?'),
(49, 27, 'I love a baby.'),
(52, 28, 'I believe you.'),
(52, 29, 'Are you believ me.'),
(54, 30, 'I have lost a key.'),
(54, 31, 'Whose key is this ?'),
(55, 32, 'if you never give up you will success.'),
(55, 33, 'i want to success.'),
(56, 34, 'I like to playing game computer.'),
(56, 35, 'What are you play.'),
(171, 129, 'I''m an expert in computer.'),
(59, 38, 'The Google Student Ambassador Program is an opportunity for students to act as liaisons between Google and their universities'),
(60, 39, 'mbassadors are thrilled by new technology'),
(173, 130, 'I have a diligent because It''s the way to being successful.'),
(63, 42, ''),
(101, 128, 'if you trying to lean you will get knowledge.'),
(70, 49, ''),
(72, 51, 'Game is loading.'),
(76, 52, 'I like reading because i''m able to gain knowledge from doing so.'),
(77, 123, 'this book belongs to me.'),
(80, 55, 'Though it''s important to open yourself up to love and you can appreciate a new girl.'),
(80, 56, 'He gets annoying sometime. i still like him though'),
(82, 57, 'I''m excited to announce that we''ve agreed to acquire Oculus'),
(83, 58, 'For the past few years, this has mostly meant building mobile apps that help you share with the people you care about'),
(85, 59, 'Application of information technology to benefit.'),
(87, 60, 'Through optimization of the cost at the same time the government should take measures to facilitate imports of agricultural shortages.'),
(91, 61, 'Find a reason to smile every day.'),
(92, 62, 'Being a good person doesn''t culture. It depend your heart.'),
(96, 63, 'We were impressed because we love him.'),
(96, 64, 'The trips fun and very impressive.'),
(96, 65, 'Impressed with anyone who has seen this quite a bit.'),
(97, 66, 'Compliment little things about her.'),
(98, 67, 'Dress to impress.'),
(100, 68, 'What are your impression when you went to thailand.'),
(103, 69, 'he is terminating his project.'),
(104, 70, 'The Songkran festival is celebrated in Thailand'),
(105, 71, 'Let me choose.'),
(105, 72, 'What do you choose ?'),
(107, 73, 'I''m giving you a portion of my life.'),
(108, 74, 'I''ll introduce this book to you.'),
(109, 75, 'It''s gonna revolutionize an entire industry.'),
(110, 76, 'It''s gonna revolutionize an entire industry.'),
(111, 77, 'I have no secrets from you.'),
(111, 78, 'You should have kept it secret.'),
(111, 79, 'I''ll tell you a secret.'),
(112, 80, 'It''s thousand songs in your pocket.'),
(113, 81, 'May I borrow this pen? Sure, go ahead.'),
(113, 82, 'Can I borrow five pounds from you?'),
(113, 83, 'You can borrow three books at a time.'),
(114, 84, 'How many classes do you have on Mondays ?'),
(114, 85, 'We have five English classes a week.'),
(115, 86, 'waste time.'),
(116, 87, 'He is complaining about something or other all the time.'),
(118, 139, 'You can go out, as long as you promise to be back by 11 o''clock.'),
(120, 89, 'This poor farmer supported his son through college. On graduation day, the son said his father was his biggest pride.'),
(122, 90, 'You are pretty.'),
(122, 91, 'I think. he controlled this game pretty good.'),
(122, 92, 'Beauty isn''t about having a pretty face. but beauty it is about pretty mind.'),
(124, 226, 'you are beautiful.'),
(124, 227, 'Her face wouldn''t be called beautiful , but she was cute enough for men to want to date her.'),
(124, 228, 'That''s a very beautiful name.'),
(125, 96, 'He sing a song so beautifully.'),
(125, 97, 'You are beautifully. I never meet.'),
(126, 98, 'The art of being wise is knowing what to overlook.'),
(127, 99, 'Every good conversation started with good listening.'),
(128, 100, 'Learn how to understand almost everything you hear right now in 4 easy steps.'),
(137, 269, 'That''s acceptable'),
(138, 102, 'That''s so unacceptable.'),
(143, 103, 'don''t ruin a good to day by thinking about  a bad yesterday.'),
(144, 104, 'don''t ruin a good to day by thinking about bad yesterday.'),
(146, 105, 'People makes mistake. You should forgive.'),
(147, 106, 'i can go on without you. don''t worry'),
(148, 107, 'i think this project spend time to make it.'),
(149, 108, 'You will be doing anything for the one you love.  Except love them again.'),
(150, 109, 'The only feeling of real loss is when you love someone  more than you love your self.'),
(151, 110, 'my parent still working hard for me.'),
(152, 111, 'Is it possible that there are no coincidences?'),
(154, 112, 'Where''s the rest ?'),
(155, 113, 'is he your colleague ?'),
(157, 114, 'we don''t know the future but we can do something for future.'),
(158, 115, 'everyone living in the earth.'),
(159, 116, 'everyone spoke about future of company at the conference.'),
(163, 117, 'Beautiful code is short and cocise.'),
(164, 118, 'That could be penalty.'),
(164, 119, 'Riot is one of the most serious political offences in the criminal code, and carries a maximum penalty of ten years imprisonment.'),
(165, 120, 'are you want to explain something to me ?'),
(166, 121, 'is he still breathe ?'),
(228, 153, 'he is so hurt with her boyfriend.'),
(77, 124, 'you belongs with me.'),
(170, 125, 'A new couple whirled onto the dance floor and snatched her attention.'),
(173, 131, 'What makes you diligent ?'),
(176, 132, 'Whatever you want to make it.'),
(177, 133, 'She is a dentist.'),
(177, 134, 'Is she a dentist.'),
(177, 135, 'dentist told me that i should exercise every day.'),
(178, 136, 'I feel very modern using the WiFi for sale on a Delta flight.'),
(183, 137, 'It''s necessary to trying for your dream.'),
(188, 138, 'i wanna represent an my idea.'),
(193, 140, 'My favorite movie''s How to train your dragon.'),
(193, 141, 'What your favorite color ?'),
(207, 142, 'Your response has been recorded.'),
(217, 143, 'people here blame me.'),
(167, 152, 'G.S.A is a chance to chase my dreams.'),
(224, 149, 'We know your time is valuable'),
(224, 150, 'We know your time is valuable'),
(226, 151, 'I''ve let people take advantage of me.'),
(229, 154, 'I upload a code without tests and it works as expected.'),
(232, 155, 'quit his job.'),
(234, 167, 'Do you play the drums ?'),
(235, 168, 'ใช้คล้ายๆกับ Surprise ใช้ในเชิงบวก'),
(236, 169, 'Why don''t you paint it ?'),
(239, 170, 'July 4th is a day to celebrate our freedom and the sacrifices made to defend these ideals in the United States.'),
(206, 171, 'Today is Facebook''s 10th anniversary.'),
(220, 192, 'my reaction when my....'),
(257, 191, 'awd'),
(250, 188, '1'),
(247, 189, 'rrere'),
(269, 193, 'approx 2 minutes'),
(270, 194, 'I can recognize his face.'),
(271, 195, 'do you accept my apology ?'),
(272, 199, 'I''m sorry whatever i did to you.'),
(273, 201, 'I apologize what i did'),
(274, 198, 'I feel sorrow for what i did.'),
(272, 200, 'I''m sorry for whatever i did to you.'),
(273, 202, 'I apologize for what i did'),
(275, 203, 'Excuse me. can i get it ?'),
(276, 204, 'I''m content when see your face.'),
(277, 205, 'I won''t disappoint you'),
(278, 207, 'I reckon.'),
(278, 208, 'When 6 months ago. I reckon.'),
(279, 209, 'I was cleaning my room yesterday.'),
(279, 210, 'I''ll clean my room next week.'),
(282, 272, 'You was quiet.'),
(282, 271, 'You''re quiet.'),
(283, 213, 'I''m looking for someone to play together.'),
(286, 214, 'I''m lonely.'),
(287, 215, 'I got this letter.'),
(287, 216, 'I''ll be waiting for your letter.'),
(288, 217, 'don''t bother.'),
(291, 218, 'I found obstruction on the way.'),
(293, 220, 'You can purchase your devices computer in the pantip.'),
(293, 221, 'You can purchase seeds at the Supermarket.'),
(295, 223, 'It''s pleasure to meet you.'),
(302, 224, 'The new lad at the farm.'),
(303, 241, 'Tomson was mention about you.'),
(352, 284, 'i love my friends.'),
(306, 230, 'I''ve rumored about you.'),
(307, 231, 'He''ll just start playing his pranks on you.'),
(308, 232, 'All children want lots of attention.'),
(310, 233, 'I''m touched you''re worried about me.'),
(311, 234, 'This is tomorrow ''s forecast it will raining the the morning not stop all day.'),
(312, 235, 'I want to expand  my house.'),
(314, 236, 'oday, I''m excited to announce the launch of the Internet.org'),
(317, 237, 'Clothing in Thailand very cheap.'),
(318, 238, 'It mattered so much for me.'),
(319, 239, 'Are you bleeding ?'),
(320, 240, 'It''s your own fault.'),
(303, 242, 'don''t mention it.'),
(327, 243, 'stop getting so depressed.'),
(329, 244, 'I wonder what the theme for this year is ?'),
(330, 245, 'don''t overdo it, Mom...'),
(331, 246, 'I''m feeling confident today.'),
(304, 283, 'You have good taste.'),
(333, 255, 'I''m trying to teach Karan how to cook, but it''s hopeless.'),
(334, 256, 'I''m tried to convince her.'),
(335, 257, 'I love this contest.'),
(336, 258, 'Thai food vary tasty.'),
(337, 259, 'Today we are excited to officially welcome Beats Music'),
(338, 260, 'From now on. I forbid you to see my sister !'),
(339, 261, 'Why don''t you show him some hospitality...please ?'),
(340, 262, 'You are gentle.'),
(341, 263, 'I just doing my duty.'),
(342, 264, 'I can’t promise that things will be perfect, but I swear I''ll never leave.'),
(343, 265, 'She like to reading novel books.'),
(343, 266, 'I''m writing a novel.'),
(345, 267, 'before planting crops. you must prepare your field.'),
(347, 270, 'I''m about to give a lecture to over a thousand university students. I''m a little nervous.'),
(282, 273, 'could you please be quiet ?'),
(218, 274, 'Permission to speak, sir.'),
(348, 275, 'This Youtube clip unbelievable.'),
(349, 276, 'The story he told us believable.'),
(350, 277, 'That website isn''t a credible source.'),
(354, 285, 'You may have been the awkward loser'),
(351, 282, 'I don''t play by the rules'),
(357, 286, 'The atmosphere in this video while he was singing was just right; creepy, spooky and quite hair-rising. I loved it, I hope this person goes far in the competition. Very lovely.'),
(360, 287, 'How did you hear about the event or seminar?'),
(361, 288, 'How likely is it that you would recommend us to a friend or a colleague?'),
(364, 408, '999999999'),
(364, 409, '999999999'),
(364, 407, '999999999'),
(364, 406, '999999999'),
(364, 405, '999999999'),
(364, 404, '999999999'),
(364, 403, '999999999'),
(364, 402, '999999999'),
(364, 401, '999999999'),
(364, 400, '999999999'),
(364, 399, '999999999'),
(364, 398, '999999999'),
(364, 397, '999999999'),
(364, 396, '999999999'),
(364, 395, '999999999'),
(364, 394, '999999999'),
(364, 393, '999999999'),
(364, 392, '999999999'),
(364, 391, '999999999'),
(364, 390, '999999999'),
(364, 389, '999999999'),
(364, 388, '999999999'),
(364, 387, '999999999'),
(364, 386, '999999999'),
(364, 385, '999999999'),
(364, 384, '999999999'),
(364, 383, '999999999'),
(364, 382, '999999999'),
(364, 381, '999999999'),
(364, 380, '999999999'),
(364, 379, '999999999'),
(364, 378, '999999999'),
(364, 377, '999999999'),
(364, 376, '999999999'),
(364, 375, '999999999'),
(364, 374, '999999999'),
(364, 373, '999999999'),
(364, 372, '999999999'),
(364, 371, '999999999'),
(364, 370, '999999999'),
(364, 369, '999999999'),
(364, 368, '999999999'),
(364, 410, '999999999'),
(365, 411, 'qqqqqqqqeeeeeeeeeee'),
(366, 412, 'WW'),
(367, 413, '!'),
(368, 414, '$$$'),
(369, 415, '%%'),
(370, 416, '^^^'),
(372, 417, '22'),
(373, 418, '12ASEDSA'),
(374, 419, 'DAS'),
(375, 420, 'ASD'),
(376, 421, 'DASDDD'),
(377, 422, 'AA'),
(378, 423, 'AA'),
(379, 424, 'aaaaaaaaaaaaaaaaaaaaaaaaaaaaaaaaaaaaa'),
(392, 425, 'He''s lovely'),
(405, 433, 'Fresh and Unique look .'),
(404, 432, 'they is student.'),
(406, 434, 'i love a dog');

-- --------------------------------------------------------

--
-- Structure de la table `translate`
--

CREATE TABLE IF NOT EXISTS `translate` (
  `word_id` int(255) NOT NULL COMMENT 'word id #ref',
  `auto_id` int(255) NOT NULL AUTO_INCREMENT COMMENT 'auto id',
  `translate` varchar(255) CHARACTER SET utf8 NOT NULL COMMENT 'translate',
  PRIMARY KEY (`auto_id`)
) ENGINE=MyISAM  DEFAULT CHARSET=utf8 COLLATE=utf8_bin AUTO_INCREMENT=780 ;

--
-- Contenu de la table `translate`
--

INSERT INTO `translate` (`word_id`, `auto_id`, `translate`) VALUES
(394, 758, 'เคลื่อนย้าย'),
(393, 757, 'รัก'),
(40, 16, 'เกิดขึ้น'),
(39, 15, 'บังเอิญ'),
(39, 14, 'เกิดขึ้น'),
(40, 17, 'บังเอิญ'),
(41, 18, 'เกิดขึ้น'),
(41, 19, 'บังเอิญ'),
(42, 20, 'เกิดขึ้น'),
(42, 21, 'บังเอิญ'),
(43, 22, 'เกิดขึ้น'),
(43, 23, 'บังเอิญ'),
(44, 24, 'เกิดขึ้น'),
(44, 25, 'บังเอิญ'),
(45, 26, 'เกิดขึ้น'),
(45, 27, 'บังเอิญ'),
(46, 28, 'เกิดขึ้น'),
(46, 29, 'บังเอิญ'),
(47, 30, 'เกิดขึ้น'),
(47, 31, 'บังเอิญ'),
(48, 32, 'แสดงความยินดี'),
(48, 33, 'ยินดีด้วย'),
(49, 34, 'ทารก'),
(50, 35, 'หวัง'),
(50, 36, 'ต้องการ'),
(50, 37, 'ปรารถนา'),
(51, 38, 'รอ'),
(51, 39, 'รอคอย'),
(52, 40, 'เชื่อ'),
(52, 41, 'ไว้ใจ'),
(53, 42, 'ควบคุม'),
(53, 43, 'บังคับ'),
(54, 44, 'กุญแจ'),
(55, 45, 'สำเร็จ'),
(56, 46, 'เล่น'),
(57, 181, 'ลืม'),
(58, 216, 'ตระหนักถึง'),
(59, 49, 'โอกาศ'),
(60, 50, 'ตื่นตาตื่นใจ'),
(61, 177, 'กระตือรือร้น'),
(62, 180, 'คุ้นเคย'),
(63, 53, 'อาสาสมัคร'),
(64, 174, 'ตัดสินใจ'),
(65, 175, 'อุทิศ'),
(66, 182, 'แรงบันดาลใจ'),
(67, 179, 'ไพศาล'),
(68, 176, 'การเสริมสร้างศักยภาพ'),
(69, 184, 'พิสูจน์'),
(70, 61, 'ฟหกฟก'),
(72, 63, 'โหลด'),
(73, 64, 'สวรรค์'),
(74, 65, 'โดยเฉพาะอย่างยิ่ง'),
(75, 66, 'แท้จริง'),
(76, 67, 'ได้รับ'),
(77, 168, 'เป็นของ'),
(78, 69, 'ปลอดภัย'),
(79, 70, 'ไม่ปลอดภัย'),
(80, 71, 'ถึงแม้ว่า'),
(81, 72, 'วัฒนธรรม'),
(82, 73, 'ประกาศ'),
(83, 74, 'ส่วนใหญ่'),
(84, 75, 'การจูงใจ'),
(85, 76, 'ประโยชน์'),
(86, 77, 'ประยุกต์'),
(86, 78, 'ประยุกต์ใช้'),
(87, 79, 'การเพิ่มประสิทธิภาพ'),
(88, 80, 'ตรวจสอบ'),
(89, 81, 'สถานการณ์'),
(90, 82, 'เดา'),
(90, 83, 'การคาดการณ์'),
(91, 84, 'การใช้เหตุผล'),
(92, 85, 'ขึ้นอยู่กับ'),
(93, 86, 'ศาสนา'),
(94, 87, 'ความสุข'),
(95, 88, 'ปรารถนา'),
(96, 89, 'ประทับใจ'),
(97, 90, 'ชม'),
(97, 91, 'ยกย่องชมเชย'),
(98, 92, 'แต่งตัว'),
(99, 93, 'มีเสน่ห์'),
(100, 94, 'ความประทับใจ'),
(101, 183, 'ความรู้'),
(102, 96, 'ปัญหา'),
(103, 97, 'ยุติ'),
(103, 98, 'ยกเลิก'),
(104, 99, 'งานเทศกาล'),
(105, 100, 'เลือก'),
(106, 101, 'คำตอบ'),
(107, 102, 'ส่วน'),
(108, 103, 'แนะนำ'),
(109, 104, 'ปฏิวัติ'),
(110, 105, 'ทั้งหมด'),
(111, 106, 'เป็นความลับ'),
(112, 107, 'พัน'),
(113, 108, 'ยืม'),
(114, 109, 'ชั้นเรียน'),
(115, 110, 'เสีย'),
(115, 111, 'ไร้ประโยชน์'),
(116, 112, 'บ่น'),
(117, 113, 'วิธีแก้'),
(117, 114, 'ทางออก'),
(118, 212, 'สัญญา'),
(119, 116, 'พักอยู่'),
(120, 117, 'ตลอด'),
(121, 118, 'สมอง'),
(122, 119, 'สวย'),
(123, 120, 'ความงาม'),
(124, 551, 'สวยงาม'),
(125, 122, 'สวยงามสุดๆ'),
(126, 123, 'มองข้าม'),
(127, 124, 'การสนทนา'),
(128, 125, 'เกือบจะ'),
(128, 126, 'แทบจะ'),
(129, 127, 'อุปสรรค'),
(129, 128, 'ปัญหา'),
(130, 129, 'สับสน'),
(131, 130, 'สับสน'),
(132, 131, 'ตั่งสมาธิ'),
(133, 132, 'ปรากฏ'),
(134, 133, 'ปรากฏ'),
(135, 134, 'การปรากฏ'),
(136, 135, 'พอ'),
(136, 136, 'เพียงพอ'),
(137, 611, 'พอรับได้'),
(138, 138, 'รับไม่ได้'),
(139, 172, 'ระมัดระวัง'),
(140, 140, 'จุดอ่อน'),
(141, 141, 'ปรึกษา'),
(142, 142, 'ข้อสงสัย'),
(143, 143, 'ทำลาย'),
(144, 144, 'ทำลาย'),
(145, 145, 'ผิดพลาด'),
(146, 146, 'ยกโทษให้'),
(147, 147, 'ปราศจาก'),
(148, 148, 'ใช้จ่าย'),
(149, 149, 'ยกเว้น'),
(150, 150, 'สูญเสีย'),
(151, 151, 'ผู้ปกครอง'),
(152, 152, 'บังเอิญ'),
(153, 153, 'โยน'),
(154, 154, 'ส่วนที่เหลือ'),
(155, 155, 'เพื่อนร่วมงาน'),
(156, 156, 'เฉลี่ย'),
(157, 157, 'อนาคต'),
(158, 158, 'โลก'),
(159, 159, 'การประชุม'),
(160, 160, 'มุม'),
(161, 161, 'คุ้มค่า'),
(162, 162, 'น่าอัศจรรย์'),
(163, 163, 'รัดกุม'),
(164, 164, 'การลงโทษ'),
(165, 165, 'อธิบาย'),
(166, 166, 'หายใจ'),
(219, 260, 'ท้าทาย'),
(168, 169, 'ทันใดนั้น'),
(169, 170, 'อุทาน'),
(170, 171, 'คู่ครอง'),
(69, 185, 'ทดลอง'),
(171, 187, 'ชำนาน'),
(172, 188, 'กำลังเป็นที่นิยม'),
(172, 189, 'แนวโน้ม'),
(172, 190, 'แนวทาง'),
(173, 191, 'ขยัน'),
(174, 192, 'ความมุ่งหมาย'),
(175, 193, 'เป็นไปได้'),
(176, 194, 'อะไรก็ตาม'),
(177, 195, 'ทันตแพทย์'),
(178, 196, 'ทันสมัย'),
(179, 197, 'ผู้เชี่ยวชาญ'),
(180, 198, 'ปล้น'),
(181, 199, 'ขโมย'),
(182, 200, 'ความยากลำบาก'),
(183, 201, 'จำเป็น'),
(184, 202, 'ไม่มีเหตุผล'),
(185, 203, 'ความจริง'),
(186, 204, 'ภายใน'),
(187, 205, 'ความผิดหวัง'),
(188, 206, 'แสดงให้เห็น'),
(189, 207, 'ความเป็นไปได้'),
(190, 208, 'ภูมิใจ'),
(191, 209, 'จนกระทั่ง'),
(192, 210, 'จนถึง'),
(192, 211, 'จนกว่า'),
(193, 213, 'ที่ชื่นชอบ'),
(193, 214, 'โปรด'),
(194, 215, 'สมมุติขึ้น'),
(195, 217, 'ล้าง'),
(196, 218, 'เว้นแต่'),
(197, 219, 'อุดมคติ'),
(198, 220, 'มีประโยชน์'),
(199, 221, 'ไร้ประโยชน์'),
(200, 222, 'ดำเนินการ'),
(201, 223, 'วิพากษ์วิจารณ์'),
(202, 224, 'ประเพณี'),
(203, 225, 'การจราจร'),
(204, 226, 'สะดวกสบาย'),
(205, 227, 'ตลอดชีวิต'),
(206, 286, 'วันครบรอบปี'),
(207, 229, 'บันทึกแล้ว'),
(208, 230, 'ความสุจริต'),
(209, 231, 'วางใจ'),
(210, 232, 'สมมุติ'),
(211, 233, 'เป็นธรรมชาติ'),
(212, 234, 'ธรรมชาติ'),
(213, 235, 'ที่สุด'),
(214, 236, 'ตื่นตัว'),
(215, 237, 'สติปัญญา'),
(216, 238, 'เงียบสงบ'),
(217, 239, 'ตำหนิ'),
(217, 240, 'กล่าวโทษ'),
(235, 280, 'น่าอัศจรรย์'),
(220, 493, 'ปฏิกิริยา'),
(221, 244, 'เทียน'),
(167, 259, 'การไล่ล่า'),
(222, 249, 'ทำให้มั่นใจ'),
(223, 250, 'พิจารณา'),
(224, 255, 'มีคุณค่า'),
(224, 254, 'มีคุณค่า'),
(225, 256, 'ที่เกี่ยวข้อง'),
(226, 257, 'ความได้เปรียบ'),
(226, 258, 'ผลประโยชน์'),
(218, 615, 'การอนุญาต'),
(227, 262, 'ตรงกันข้าม'),
(228, 263, 'น้อยใจ'),
(229, 264, 'คาดหวัง'),
(230, 265, 'ไป'),
(231, 266, 'บันทึก'),
(232, 267, 'ออกจาก'),
(232, 268, 'เลิก'),
(234, 279, 'กลอง'),
(236, 281, 'ทาสี'),
(237, 282, 'น่ากลัว'),
(238, 283, 'หมดอายุ'),
(239, 284, 'เฉลิมฉลอง'),
(240, 285, 'ปัจจุบัน'),
(244, 299, 'ข้างหน้า'),
(247, 320, 'w'),
(278, 516, 'คำนวน'),
(249, 317, '1'),
(250, 316, '1'),
(258, 480, 'sadasdasddddddddddddddd2222222222222222222222222222222222222222222222222222222222222222222222222222222222222222222222222222222222222222222222222222222222222222222222222222222222222222222222222222222222222222222222222222222222222222222222222222222222222222'),
(257, 479, 'wadwad'),
(278, 515, 'คิด'),
(278, 514, 'นับ'),
(278, 513, 'คำนวน'),
(278, 512, 'คิด'),
(277, 508, 'ทำให้ผิดหวัง'),
(276, 507, 'อิ่มอกอิ่มใจ'),
(276, 506, 'เนื้อหา'),
(275, 505, 'ขอประทานโทษ'),
(273, 504, 'ขอโทษ'),
(272, 502, 'ขอโทษ'),
(274, 500, 'ความโศกเศร้า'),
(273, 503, 'ขอโทษ'),
(272, 501, 'ขอโทษ'),
(271, 497, 'คำขอโทษ'),
(270, 496, 'นึกออก'),
(270, 495, 'รับรู้'),
(269, 494, 'ประมาณ'),
(268, 492, 'เงื่อนไข'),
(267, 491, 'ความพยายาม'),
(266, 490, 'แนวทาง'),
(266, 489, 'ข้อแนะนำ'),
(265, 488, 'คำนิยาม'),
(264, 487, 'สถาปัตยกรรม'),
(263, 486, '16'),
(262, 485, '12'),
(261, 484, '1'),
(260, 483, 'c'),
(259, 482, 'dddddddddddddddddddddddddddddddddddddddddddddd'),
(258, 481, 'asdsadddddddddddddddddddddddddddddddddddddddddddddddddddddddddddddddddddddddddddddddddddddddddddddddddddddddddddddddddddddddddddddddddddddddddddddddddddddddddddddddddddddddddddddddddddddddddddddddddddddddddddddddddddddddddddddddddddddddddddddddddddddddddd'),
(253, 475, 'e'),
(254, 476, 'eee'),
(255, 477, 'qweqw'),
(256, 478, 'ewqewq'),
(278, 517, 'นับ'),
(279, 518, 'ทำความสะอาด'),
(280, 519, 'ใครก็ตามที่'),
(281, 520, 'วันหยุด'),
(282, 614, 'เงียบสงบ'),
(283, 522, 'เข้าด้วยกัน'),
(283, 523, 'ด้วยกัน'),
(283, 524, 'ร่วมกัน'),
(284, 525, 'หลาน'),
(285, 526, 'อำลา'),
(286, 527, 'เหงา'),
(287, 528, 'จดหมาย'),
(288, 529, 'รำคาญ'),
(289, 530, 'การเพาะปลูก'),
(290, 531, 'ยก'),
(291, 533, 'สิ่งขัดขวาง'),
(291, 534, 'สิ่งขัดขวาง'),
(292, 535, 'วัชพืช'),
(293, 539, 'จับจ่าย'),
(293, 538, 'ซื้อขาย'),
(294, 541, 'สำรวจ'),
(295, 542, 'ปิติ'),
(296, 543, 'หม้อ'),
(297, 544, 'ตะกร้า'),
(298, 545, 'หัวผักกาด'),
(299, 546, 'แตงกวา'),
(300, 547, 'หญ้า'),
(301, 548, 'เป้'),
(302, 549, 'เด็กหนุ่ม'),
(303, 575, 'พูดถึง'),
(333, 597, 'สิ้นหวัง'),
(305, 554, 'ภูมิภาค'),
(305, 555, 'บริเวณ'),
(306, 556, 'ข่าวลือ'),
(307, 557, 'แผลง'),
(307, 558, 'คึกคะนอง'),
(307, 559, 'เล่นพิเรนทร์'),
(308, 560, 'ความสนใจ'),
(309, 561, 'เด็ก'),
(310, 562, 'กังวล'),
(311, 563, 'การคาดการณ์'),
(312, 564, 'ขาย'),
(313, 565, 'ส่งมอบ'),
(314, 566, 'เปิดตัว'),
(315, 567, 'แข่งขัน'),
(316, 568, 'ฝักไข่'),
(316, 569, 'กกไข่'),
(317, 570, 'ถูก'),
(318, 571, 'สำคัญ'),
(319, 572, 'เลือดออก'),
(320, 573, 'ข้อผิดพลาด'),
(320, 574, 'ข้อบกพร่อง'),
(321, 576, 'สรรเสริญ'),
(321, 577, 'ยกย่อง'),
(322, 578, 'เดิมพัน'),
(323, 579, 'แปรง'),
(324, 580, 'อย่างสม่ำเสมอ'),
(325, 581, 'เฒ่า'),
(326, 582, 'เมื่อเร็ว ๆ นี้'),
(327, 583, 'หดหู่'),
(328, 584, 'สามี'),
(329, 585, 'สงสัย'),
(330, 586, 'หักโหม'),
(331, 587, 'มั่นใจ'),
(332, 588, 'น้ำผลไม้'),
(304, 626, 'รสนิยม'),
(304, 625, 'รสชาติ'),
(334, 598, 'โน้มน้าม'),
(335, 599, 'การประกวด'),
(336, 600, 'อร่อย'),
(337, 601, 'อย่างเป็นทางการ'),
(338, 602, 'ห้าม'),
(339, 603, 'การต้อนรับ'),
(340, 604, 'อ่อนโยน'),
(341, 605, 'หน้าที่'),
(342, 606, 'สาบาน'),
(343, 607, 'นวนิยาย'),
(344, 608, 'การเก็บเกี่ยว'),
(345, 609, 'การเตรียมความพร้อม'),
(346, 612, 'ความตั้งใจ'),
(347, 613, 'การบรรยาย'),
(348, 616, 'ไม่น่าเชื่อ'),
(349, 617, 'เชื่อได้'),
(349, 618, 'เชื่อถือ'),
(350, 619, 'ที่น่าเชื่อถือ'),
(352, 627, 'เพื่อน'),
(351, 624, 'กฎ'),
(353, 628, 'ความพึงพอใจ'),
(354, 629, 'อึดอัดใจ'),
(355, 630, 'นิ่งสงบ'),
(356, 631, 'พล่าม'),
(357, 632, 'บรรยากาศ'),
(358, 633, 'ดาว'),
(359, 634, 'การพึ่งพา'),
(360, 635, 'สัมมนา'),
(361, 636, 'มีแนวโน้มที่'),
(362, 637, 'เสียง'),
(364, 675, '9999'),
(364, 674, '9999'),
(364, 673, '9999'),
(364, 672, '9999'),
(364, 671, '9999'),
(364, 670, '9999'),
(364, 669, '9999'),
(364, 668, '9999'),
(364, 667, '9999'),
(364, 666, '9999'),
(364, 665, '9999'),
(364, 664, '9999'),
(364, 663, '9999'),
(364, 662, '9999'),
(364, 661, '9999'),
(364, 660, '9999'),
(364, 659, '9999'),
(364, 676, '9999'),
(364, 677, '9999'),
(364, 678, '9999'),
(364, 679, '9999'),
(364, 680, '9999'),
(364, 681, '9999'),
(364, 682, '9999'),
(364, 683, '9999'),
(364, 684, '9999'),
(364, 685, '9999'),
(364, 686, '9999'),
(364, 687, '9999'),
(364, 688, '9999'),
(364, 689, '9999'),
(364, 690, '9999ffffff'),
(364, 691, '9999'),
(364, 692, '9999'),
(364, 693, '9999'),
(364, 694, '9999'),
(364, 695, '9999'),
(364, 696, '9999'),
(364, 697, '9999'),
(364, 698, '9999'),
(364, 699, '9999'),
(364, 700, '9999'),
(364, 701, '9999'),
(364, 702, '9999'),
(364, 703, '9999'),
(364, 704, '9999'),
(364, 705, '9999'),
(364, 706, '9999'),
(364, 707, '9999ffffff'),
(365, 708, '33333333333wqqqq'),
(366, 709, 'WWW'),
(366, 710, 'WW'),
(367, 711, '!'),
(368, 712, '$$$'),
(369, 713, '%%'),
(370, 714, '^^'),
(372, 716, '22'),
(373, 717, '21'),
(374, 718, 'SADAS'),
(375, 719, 'DSAD'),
(376, 720, 'ASDAS'),
(377, 721, 'AA'),
(378, 722, 'AA'),
(379, 723, 'aaaaaaaaaaaaaaaaaaaaaaaaaaaaaaaaaaaaaaa'),
(410, 779, 'ถาวร'),
(405, 774, 'สด'),
(406, 775, 'หมา'),
(407, 776, 'ข้อจำกัด'),
(409, 778, 'ความขยันหมั่นเพียร'),
(408, 777, 'ความทะเยอทะยาน'),
(390, 754, 'มูลค่า'),
(391, 755, 'ทีวี'),
(392, 756, 'น่ารัก'),
(395, 759, 'ขอบคุณ'),
(396, 760, 'คิด'),
(397, 761, 'การกระทำ'),
(398, 762, 'สถานที่ตั่ง'),
(399, 763, 'โลชั่น'),
(400, 764, 'สัญชาติ'),
(401, 765, 'ตำแหน่ง'),
(402, 766, 'โปรโมชั่น'),
(403, 767, 'ตัวอย่าง'),
(404, 773, 'นักเรียน');

-- --------------------------------------------------------

--
-- Structure de la table `user_info`
--

CREATE TABLE IF NOT EXISTS `user_info` (
  `user_id` int(11) NOT NULL AUTO_INCREMENT COMMENT 'user id',
  `user_name` varchar(255) COLLATE utf8_bin NOT NULL COMMENT 'user name',
  `password` varchar(255) COLLATE utf8_bin NOT NULL COMMENT 'password',
  `email` varchar(255) COLLATE utf8_bin NOT NULL COMMENT 'email',
  `birthday` date NOT NULL COMMENT 'birthday',
  `gender` varchar(255) COLLATE utf8_bin NOT NULL COMMENT 'gender',
  `date` date NOT NULL COMMENT 'joined the iamdict',
  PRIMARY KEY (`user_id`)
) ENGINE=InnoDB  DEFAULT CHARSET=utf8 COLLATE=utf8_bin AUTO_INCREMENT=16 ;

--
-- Contenu de la table `user_info`
--

INSERT INTO `user_info` (`user_id`, `user_name`, `password`, `email`, `birthday`, `gender`, `date`) VALUES
(1, 'apichaikub', 'Ap04072531', 'apichai_kub@hotmail.com', '1993-03-19', 'male', '2014-07-09'),
(2, 'fireflies', 'bleach4th', 'bleach_m_007@hotmail.com', '1993-09-29', 'male', '2014-07-10'),
(3, '1', '111111', '11@11.com', '1998-01-17', 'male', '2014-07-10'),
(4, 'bug', '******', '1Nb@bug.com', '1986-02-18', 'male', '2014-07-10'),
(5, 'w', '999999', 'w@w.com', '1996-01-19', 'male', '2014-07-10'),
(6, 'wwwwwwwww', 'wwwwwwwwwwwwwwwwwwww', '2@2.com', '1996-01-19', 'male', '2014-07-10'),
(7, 'eq', 'edsdddddddddddd', 'eqw@7.com', '1996-02-18', 'male', '2014-07-10'),
(8, 'itsara', '1501033a', 'itsara.ra.cs@hotmail.com', '1991-12-24', 'male', '2014-07-14'),
(9, 'HK', '123456', 'HK@ggggg.com', '1997-10-18', 'male', '2014-09-21'),
(10, 'staunchman', '0875703387', 'bomb.staunchman@gmail.com', '1991-09-13', 'male', '2014-09-22'),
(11, 'baitoeynaja', '123456', 'sunisa.toey@gmail.com', '1998-02-15', 'female', '2014-09-25'),
(12, 'taqman', '111111', 'taqmaninw@gmail.com', '1998-02-17', 'male', '2014-10-11'),
(13, 'notnoyyyyy', 'notnoy2139', 'notnoyyyyy@gmail.com', '1996-08-21', 'male', '2014-10-11'),
(14, 'fub', '0147890', 'jungraiman56@gmail.com', '1987-01-05', 'male', '2014-10-12'),
(15, 'fun', '014789', 'tawtoun-7393@hotmail.com', '2002-01-18', 'male', '2014-10-12');

-- --------------------------------------------------------

--
-- Structure de la table `word`
--

CREATE TABLE IF NOT EXISTS `word` (
  `word_id` int(255) NOT NULL AUTO_INCREMENT COMMENT 'word id #ref',
  `user_id` varchar(255) COLLATE utf8_bin NOT NULL COMMENT 'user id #ref',
  `word` varchar(255) COLLATE utf8_bin NOT NULL COMMENT 'word',
  `type` varchar(255) COLLATE utf8_bin NOT NULL COMMENT 'word type Ex. verb',
  `created` varchar(10) COLLATE utf8_bin NOT NULL COMMENT 'created time',
  `update_data` varchar(10) COLLATE utf8_bin NOT NULL COMMENT 'update',
  `count_view` int(255) NOT NULL COMMENT 'count view',
  PRIMARY KEY (`word_id`)
) ENGINE=MyISAM  DEFAULT CHARSET=utf8 COLLATE=utf8_bin AUTO_INCREMENT=411 ;

--
-- Contenu de la table `word`
--

INSERT INTO `word` (`word_id`, `user_id`, `word`, `type`, `created`, `update_data`, `count_view`) VALUES
(393, '1', 'love', '', '1411575512', '1411575512', 0),
(40, '1', 'happen', 'varb', '1395120199', '1395120199', 0),
(53, '1', 'control', 'varb', '1395139416', '1395139416', 0),
(52, '1', 'believe', 'varb', '1395133170', '1395133170', 0),
(51, '1', 'wait', 'varb', '1395130133', '1395130133', 0),
(50, '1', 'wish', 'varb', '1395129860', '1395129860', 0),
(49, '1', 'baby', 'noun', '1395129284', '1395129284', 0),
(48, '1', 'congratulation', 'varb', '1395124275', '1395124275', 0),
(54, '1', 'key', 'noun', '1395215813', '1395215813', 0),
(55, '1', 'success', 'varb', '1395215940', '1395215940', 0),
(56, '1', 'play', 'verb', '1395304672', '1395304672', 0),
(57, '1', 'forget', 'verb', '1395374196', '1395374196', 0),
(58, '1', 'realize', 'verb', '1395375471', '1395375471', 0),
(59, '1', 'opportunity', 'verb', '1395376691', '1395376691', 0),
(60, '1', 'thrilled', 'verb', '1395376853', '1395376853', 0),
(61, '1', 'enthusiastic', 'verb', '1395376914', '1395376914', 0),
(62, '1', 'familiar', 'verb', '1395377110', '1395377110', 0),
(250, '4', '@@@', '', '1405001538', '1405001538', 0),
(64, '1', 'decided', 'verb', '1395386299', '1395386299', 0),
(65, '1', 'dedicate', 'verb', '1395386345', '1395386345', 0),
(66, '1', 'inspired', 'verb', '1395386509', '1395386509', 0),
(67, '1', 'expansive', 'verb', '1395386735', '1395386735', 0),
(68, '1', 'empowering', 'verb', '1395387148', '1395387148', 0),
(69, '1', 'prove', 'verb', '1395387256', '1395387256', 0),
(72, '1', 'load', 'verb', '1395470839', '1395470839', 0),
(73, '1', 'heaven', 'verb', '1395495079', '1395495079', 0),
(74, '1', 'especially', 'verb', '1395671751', '1395671751', 0),
(75, '1', 'actually', 'verb', '1395672217', '1395672217', 0),
(76, '1', 'gain', 'verb', '1395675026', '1395675026', 0),
(77, '1', 'belong', 'verb', '1395675109', '1395675109', 0),
(78, '1', 'secure', 'verb', '1395675472', '1395675472', 0),
(79, '1', 'insecure', 'verb', '1395675487', '1395675487', 0),
(80, '1', 'though', 'verb', '1395676782', '1395676782', 0),
(81, '1', 'culture', 'verb', '1395678564', '1395678564', 0),
(82, '1', 'announce', 'verb', '1395808428', '1395808428', 0),
(83, '1', 'mostly', 'verb', '1395808506', '1395808506', 0),
(84, '1', 'attracting', 'verb', '1395907680', '1395907680', 0),
(85, '1', 'benefit', 'verb', '1396024508', '1396024508', 0),
(86, '1', 'application', 'verb', '1396024529', '1396024529', 0),
(87, '1', 'optimization', 'verb', '1396025015', '1396025015', 0),
(88, '1', 'verify', 'verb', '1396581925', '1396581925', 0),
(89, '1', 'situation', 'noun', '1396584937', '1396584937', 0),
(90, '1', 'guess', 'verb', '1396622008', '1396622008', 0),
(91, '1', 'reason', 'noun', '1396672025', '1396672025', 0),
(92, '1', 'depend', 'verb', '1396926513', '1396926513', 0),
(93, '1', 'religion', 'verb', '1396926602', '1396926602', 0),
(94, '1', 'happiness', 'noun', '1397061743', '1397061743', 0),
(95, '1', 'wishful', 'adjective', '1397152298', '1397152298', 0),
(96, '1', 'impress', 'verb', '1397188794', '1397188794', 0),
(97, '1', 'compliment', 'verb', '1397188925', '1397188925', 0),
(98, '1', 'dress', 'verb', '1397189314', '1397189314', 0),
(99, '1', 'attractive', 'adjective', '1397189460', '1397189460', 0),
(100, '1', 'impression', 'noun', '1397226715', '1397226715', 0),
(101, '1', 'knowledge', 'noun', '1397407026', '1397407026', 0),
(102, '1', 'problem', 'noun', '1397412226', '1397412226', 0),
(103, '1', 'terminating', 'verb', '1397473403', '1397473403', 0),
(104, '1', 'festival', 'noun', '1397495208', '1397495208', 0),
(105, '1', 'choose', 'verb', '1397495620', '1397495620', 0),
(106, '1', 'answer', 'verb', '1397544122', '1397544122', 0),
(107, '1', 'portion', 'noun', '1397551500', '1397551500', 0),
(108, '1', 'introduce', 'verb', '1397569066', '1397569066', 0),
(109, '1', 'revolutionize', 'verb', '1397569275', '1397569275', 0),
(110, '1', 'entire', 'verb', '1397569322', '1397569322', 0),
(111, '1', 'secret', 'adjective', '1397569602', '1397569602', 0),
(112, '1', 'thousand', 'noun', '1397569819', '1397569819', 0),
(113, '1', 'borrow', 'verb', '1397570305', '1397570305', 0),
(114, '1', 'classes', 'noun', '1397570440', '1397570440', 0),
(115, '1', 'waste', 'verb', '1397570796', '1397570796', 0),
(116, '1', 'complain', 'adjective', '1397571157', '1397571157', 0),
(117, '1', 'solution', 'noun', '1397571349', '1397571349', 0),
(118, '1', 'promise', 'noun', '1397618256', '1397618256', 0),
(119, '1', 'stay', 'verb', '1397618290', '1397618290', 0),
(249, '4', '************************', '', '1405001521', '1405001521', 0),
(121, '1', 'brain', 'noun', '1397627868', '1397627868', 0),
(122, '1', 'pretty', 'adjective', '1397628295', '1397628295', 0),
(123, '1', 'beauty', 'noun', '1397628322', '1397628322', 0),
(124, '1', 'beautiful', 'adjective', '1397628520', '1397628520', 0),
(125, '1', 'beautifully', 'advarb', '1397628713', '1397628713', 0),
(126, '1', 'overlook', 'verb', '1397753335', '1397753335', 0),
(127, '1', 'conversation', 'noun', '1397753541', '1397753541', 0),
(128, '1', 'almost', 'advarb', '1397753689', '1397753689', 0),
(129, '1', 'trouble', 'noun', '1397754103', '1397754103', 0),
(258, '4', 'awdwadawdawdddddddddddddd222222222222222222222222222222222222222222dddddddddddddddddddddddddddddddddddddddddddddddd222222222222222222222222222222222222222222222222222222222222222222222222222222222222222eeeeeeeeeeeeeeeeeeeeee3333333333333333333333333333333', '', '1405003548', '1405003548', 0),
(131, '1', 'confuse', 'verb', '1397754399', '1397754399', 0),
(132, '1', 'concentrate', 'verb', '1397754907', '1397754907', 0),
(244, '1', 'forward', '', '1404894181', '1404894181', 0),
(134, '1', 'appear', 'verb', '1397755495', '1397755495', 0),
(135, '1', 'appearing', 'verb', '1397755513', '1397755513', 0),
(136, '1', 'enough', 'adjective', '1397756931', '1397756931', 0),
(137, '1', 'acceptable', 'adjective', '1397756963', '1397756963', 0),
(138, '1', 'unacceptable', 'adjective', '1397757033', '1397757033', 0),
(139, '1', 'careful', 'adjective', '1397806238', '1397806238', 0),
(140, '1', 'weakness', 'noun', '1397806256', '1397806256', 0),
(141, '1', 'consult', 'verb', '1397828387', '1397828387', 0),
(142, '1', 'doubt', 'verb', '1397828415', '1397828415', 0),
(247, '4', 'w', '', '1405001504', '1405001504', 0),
(144, '1', 'ruin', 'verb', '1397829588', '1397829588', 0),
(145, '1', 'mistake', 'verb', '1397837928', '1397837928', 0),
(146, '1', 'forgive', 'verb', '1397837955', '1397837955', 0),
(147, '1', 'without', 'advarb', '1397838078', '1397838078', 0),
(148, '1', 'spend', 'verb', '1397838821', '1397838821', 0),
(149, '1', 'except', 'verb', '1397838872', '1397838872', 0),
(150, '1', 'loss', 'noun', '1397839314', '1397839314', 0),
(151, '1', 'parent', 'noun', '1397839474', '1397839474', 0),
(152, '1', 'coincidence', 'noun', '1397839607', '1397839607', 0),
(153, '1', 'throw', 'verb', '1398000539', '1398000539', 0),
(154, '1', 'rest', 'verb', '1398001427', '1398001427', 0),
(155, '1', 'colleague', 'noun', '1398001613', '1398001613', 0),
(156, '1', 'average', 'verb', '1398001930', '1398001930', 0),
(157, '1', 'future', 'adjective', '1398006740', '1398006740', 0),
(158, '1', 'earth', 'noun', '1398185658', '1398185658', 0),
(159, '1', 'conference', 'noun', '1398223456', '1398223456', 0),
(160, '1', 'corner', 'noun', '1398400756', '1398400756', 0),
(161, '1', 'worth', 'noun', '1398529277', '1398529277', 0),
(162, '1', 'astonishing', 'adjective', '1398529575', '1398529575', 0),
(163, '1', 'concise', 'adjective', '1398530355', '1398530355', 0),
(164, '1', 'penalty', 'noun', '1398582296', '1398582296', 0),
(165, '1', 'explain', 'verb', '1398613739', '1398613739', 0),
(166, '1', 'breathe', 'verb', '1398613851', '1398613851', 0),
(167, '1', 'chase', '', '1399012395', '1399012395', 0),
(168, '1', 'suddenly', '', '1399264799', '1399264799', 0),
(169, '1', 'exclaim', '', '1399264888', '1399264888', 0),
(170, '1', 'couple', '', '1399265027', '1399265027', 0),
(171, '1', 'expert', '', '1399394054', '1399394054', 0),
(172, '1', 'trend', '', '1399431129', '1399431129', 0),
(173, '1', 'diligent', '', '1399512757', '1399512757', 0),
(174, '1', 'purpose', '', '1399609811', '1399609811', 0),
(175, '1', 'possible', '', '1399610294', '1399610294', 0),
(176, '1', 'whatever', '', '1399622466', '1399622466', 0),
(177, '1', 'dentist', '', '1399652091', '1399652091', 0),
(178, '1', 'modern', '', '1399775716', '1399775716', 0),
(179, '1', 'specialist', '', '1399781344', '1399781344', 0),
(180, '1', 'rob', '', '1400142517', '1400142517', 0),
(181, '1', 'steal', '', '1400142547', '1400142547', 0),
(182, '1', 'hardship', '', '1400142581', '1400142581', 0),
(183, '1', 'necessary', '', '1400143115', '1400143115', 0),
(184, '1', 'unreasonable', '', '1400143576', '1400143576', 0),
(185, '1', 'reality', '', '1400143770', '1400143770', 0),
(186, '1', 'within', '', '1400143818', '1400143818', 0),
(187, '1', 'disappointment', '', '1400143861', '1400143861', 0),
(188, '1', 'represent', '', '1400144041', '1400144041', 0),
(189, '1', 'possibility', '', '1400144074', '1400144074', 0),
(190, '1', 'proud', '', '1400144580', '1400144580', 0),
(191, '1', 'until', '', '1400144869', '1400144869', 0),
(192, '1', 'till', '', '1400144889', '1400144889', 0),
(193, '1', 'favorite', '', '1400464678', '1400464678', 0),
(194, '1', 'imaginary', '', '1400474025', '1400474025', 0),
(195, '1', 'wash', '', '1400483246', '1400483246', 0),
(196, '1', 'unless', '', '1400489837', '1400489837', 0),
(197, '1', 'ideal', '', '1400489962', '1400489962', 0),
(198, '1', 'useful', '', '1400490113', '1400490113', 0),
(199, '1', 'useless', '', '1400490128', '1400490128', 0),
(200, '1', 'implement', '', '1400608345', '1400608345', 0),
(201, '1', 'criticize', '', '1400639219', '1400639219', 0),
(202, '1', 'tradition', '', '1400688894', '1400688894', 0),
(203, '1', 'traffic', '', '1400819680', '1400819680', 0),
(204, '1', 'convenient', '', '1400819732', '1400819732', 0),
(205, '1', 'lifetime', '', '1400906672', '1400906672', 0),
(206, '1', 'anniversary', '', '1400909957', '1400909957', 0),
(207, '1', 'recorded', '', '1400944329', '1400944329', 0),
(208, '1', 'honesty', '', '1400985504', '1400985504', 0),
(209, '1', 'trust', '', '1400985516', '1400985516', 0),
(210, '1', 'suppose', '', '1401333761', '1401333761', 0),
(211, '1', 'naturally', '', '1401333770', '1401333770', 0),
(212, '1', 'nature', '', '1401333967', '1401333967', 0),
(213, '1', 'ultimate', '', '1401334061', '1401334061', 0),
(214, '1', 'awake', '', '1401334144', '1401334144', 0),
(215, '1', 'intellect', '', '1401349451', '1401349451', 0),
(216, '1', 'peaceful', '', '1401455178', '1401455178', 0),
(217, '1', 'blame', '', '1401544010', '1401544010', 0),
(218, '1', 'permission', '', '1401601581', '1401601581', 0),
(219, '1', 'challenge', '', '1401602024', '1401602024', 0),
(220, '1', 'reaction', '', '1401634883', '1401634883', 0),
(221, '1', 'candle', '', '1401769698', '1401769698', 0),
(222, '1', 'ensure', '', '1401782957', '1401782957', 0),
(223, '1', 'consider', '', '1401783111', '1401783111', 0),
(224, '1', 'valuable', '', '1401783328', '1401783328', 0),
(225, '1', 'relevant', '', '1401783821', '1401783821', 0),
(226, '1', 'advantage', '', '1401889039', '1401889039', 0),
(227, '1', 'opposite', '', '1402127773', '1402127773', 0),
(228, '1', 'hurt', '', '1402333550', '1402333550', 0),
(229, '1', 'expect', '', '1402462165', '1402462165', 0),
(234, '1', 'drums', '', '1404489113', '1404489113', 0),
(235, '1', 'fantastic', '', '1404489227', '1404489227', 0),
(236, '1', 'paint', '', '1404493089', '1404493089', 0),
(237, '1', 'horrible', '', '1404493589', '1404493589', 0),
(238, '1', 'expire', '', '1404544438', '1404544438', 0),
(239, '1', 'celebrate', '', '1404579877', '1404579877', 0),
(240, '1', 'current', '', '1404631384', '1404631384', 0),
(257, '4', 'awdwaadw', '', '1405003400', '1405003400', 0),
(253, '4', 'wqe', '', '1405002799', '1405002799', 0),
(254, '4', 'weq', '', '1405002803', '1405002803', 0),
(255, '4', 'qwe', '', '1405002806', '1405002806', 0),
(256, '4', 'wqe111', '', '1405002811', '1405002811', 0),
(259, '4', '111111111111111111111111111111111111111111111111111111111111111111111111111111111222222222222222222222222222222222222222222222222222222222222222222222222222222222222222222222222222222222222222222222222222222222222222222222222222222222222222222222222222222', '', '1405003615', '1405003615', 0),
(260, '4', 'd', '', '1405003771', '1405003771', 0),
(261, '4', '1', '', '1405003803', '1405003803', 0),
(262, '4', '12', '', '1405003811', '1405003811', 0),
(263, '4', '222222222222222222222222223222222222223232323232323232323232323232323232323232323232323232323232323232323232323232222222222222222222222222223222222222222222222222222222222222222222222222222222222222222222222222222222233333333333333222222222222222222222222', '', '1405004016', '1405004016', 0),
(264, '1', 'architecture', '', '1405546421', '1405546421', 0),
(265, '1', 'definition', '', '1405546573', '1405546573', 0),
(266, '1', 'guideline', '', '1405546673', '1405546673', 0),
(267, '1', 'effort', '', '1405546742', '1405546742', 0),
(268, '1', 'condition', '', '1405546855', '1405546855', 0),
(269, '1', 'approx', '', '1406305689', '1406305689', 0),
(270, '1', 'recognize', '', '1406460515', '1406460515', 0),
(271, '1', 'apology', '', '1406460868', '1406460868', 0),
(272, '1', 'sorry', '', '1406460917', '1406460917', 0),
(273, '1', 'apologize', '', '1406460947', '1406460947', 0),
(274, '1', 'sorrow', '', '1406460989', '1406460989', 0),
(275, '1', 'excuse', '', '1406461173', '1406461173', 0),
(276, '1', 'content', '', '1406699152', '1406699152', 0),
(277, '1', 'disappoint', '', '1406713634', '1406713634', 0),
(278, '1', 'reckon', '', '1406740013', '1406740013', 0),
(279, '1', 'clean', '', '1406740170', '1406740170', 0),
(280, '1', 'whoever', '', '1406740275', '1406740275', 0),
(281, '1', 'vacation', '', '1406740473', '1406740473', 0),
(282, '1', 'quiet', '', '1406740884', '1406740884', 0),
(283, '1', 'together', '', '1406740961', '1406740961', 0),
(284, '1', 'grandkids', '', '1406741104', '1406741104', 0),
(285, '1', 'farewell', '', '1406741155', '1406741155', 0),
(286, '1', 'lonely', '', '1406741246', '1406741246', 0),
(287, '1', 'letter', '', '1406741442', '1406741442', 0),
(288, '1', 'bother', '', '1406741791', '1406741791', 0),
(289, '1', 'crop', '', '1406741915', '1406741915', 0),
(290, '1', 'raise', '', '1406741960', '1406741960', 0),
(291, '1', 'obstruction', '', '1406742066', '1406742066', 0),
(292, '1', 'weed', '', '1406742141', '1406742141', 0),
(293, '1', 'purchase', '', '1406742394', '1406742394', 0),
(294, '1', 'explore', '', '1406742786', '1406742786', 0),
(295, '1', 'pleasure', '', '1406743893', '1406743893', 0),
(296, '1', 'pot', '', '1406744036', '1406744036', 0),
(297, '1', 'basket', '', '1406744183', '1406744183', 0),
(298, '1', 'turnip', '', '1406744296', '1406744296', 0),
(299, '1', 'cucumber', '', '1406744330', '1406744330', 0),
(300, '1', 'grass', '', '1406744367', '1406744367', 0),
(301, '1', 'rucksack', '', '1406744475', '1406744475', 0),
(302, '1', 'lad', '', '1406745253', '1406745253', 0),
(303, '1', 'mention', '', '1406745303', '1406745303', 0),
(304, '1', 'taste', '', '1406809834', '1406809834', 0),
(305, '1', 'region', '', '1406810454', '1406810454', 0),
(306, '1', 'rumor', '', '1406813894', '1406813894', 0),
(307, '1', 'prank', '', '1406814241', '1406814241', 0),
(308, '1', 'attention', '', '1406816485', '1406816485', 0),
(309, '1', 'children', '', '1406816495', '1406816495', 0),
(310, '1', 'worried', '', '1406816958', '1406816958', 0),
(311, '1', 'forecast', '', '1406817442', '1406817442', 0),
(312, '1', 'expand', '', '1406820683', '1406820683', 0),
(313, '1', 'deliver', '', '1406821393', '1406821393', 0),
(314, '1', 'launch', '', '1406821458', '1406821458', 0),
(315, '1', 'compete', '', '1406847903', '1406847903', 0),
(316, '1', 'hatch', '', '1406847964', '1406847964', 0),
(317, '1', 'cheap', '', '1406848334', '1406848334', 0),
(318, '1', 'mattered', '', '1406848515', '1406848515', 0),
(319, '1', 'bleeding', '', '1406848630', '1406848630', 0),
(320, '1', 'fault', '', '1406848722', '1406848722', 0),
(321, '1', 'praise', '', '1406849100', '1406849100', 0),
(322, '1', 'bet', '', '1406893140', '1406893140', 0),
(323, '1', 'brush', '', '1406896789', '1406896789', 0),
(324, '1', 'regularly', '', '1406896835', '1406896835', 0),
(325, '1', 'grampa', '', '1406898461', '1406898461', 0),
(326, '1', 'recently', '', '1406899075', '1406899075', 0),
(327, '1', 'depressed', '', '1406899317', '1406899317', 0),
(328, '1', 'husband', '', '1406899815', '1406899815', 0),
(329, '1', 'wonder', '', '1406899955', '1406899955', 0),
(330, '1', 'overdo', '', '1406900048', '1406900048', 0),
(331, '1', 'confident', '', '1406900155', '1406900155', 0),
(332, '1', 'juice', '', '1406900266', '1406900266', 0),
(333, '1', 'hopeless', '', '1406900648', '1406900648', 0),
(334, '1', 'convince', '', '1406900775', '1406900775', 0),
(335, '1', 'contest', '', '1406900824', '1406900824', 0),
(336, '1', 'tasty', '', '1406901199', '1406901199', 0),
(337, '1', 'officially', '', '1406956580', '1406956580', 0),
(338, '1', 'forbid', '', '1406960036', '1406960036', 0),
(339, '1', 'hospitality', '', '1406961892', '1406961892', 0),
(340, '1', 'gentle', '', '1406969552', '1406969552', 0),
(341, '1', 'duty', '', '1406970144', '1406970144', 0),
(342, '1', 'swear', '', '1406990685', '1406990685', 0),
(343, '1', 'novel', '', '1407018416', '1407018416', 0),
(344, '1', 'harvest', '', '1407018562', '1407018562', 0),
(345, '1', 'prepare', '', '1407018856', '1407018856', 0),
(346, '1', 'intention', '', '1407280928', '1407280928', 0),
(347, '1', 'lecture', '', '1407317823', '1407317823', 0),
(348, '1', 'unbelievable', '', '1408273368', '1408273368', 0),
(349, '1', 'believable', '', '1408273465', '1408273465', 0),
(350, '1', 'credible', '', '1408273588', '1408273588', 0),
(351, '1', 'rule', '', '1408933191', '1408933191', 0),
(352, '1', 'friend', '', '1409121317', '1409121317', 0),
(353, '1', 'satisfied', '', '1409381420', '1409381420', 0),
(354, '1', 'awkward', '', '1409550758', '1409550758', 0),
(355, '1', 'silence', '', '1409558036', '1409558036', 0),
(356, '1', 'bullshit', '', '1409558049', '1409558049', 0),
(357, '1', 'atmosphere', '', '1410710954', '1410710954', 0),
(358, '1', 'star', '', '1410711259', '1410711259', 0),
(359, '1', 'dependency', '', '1410833240', '1410833240', 0),
(360, '1', 'seminar', '', '1410873211', '1410873211', 0),
(361, '1', 'likely', '', '1411193591', '1411193591', 0),
(362, '1', 'voice', '', '1411307711', '1411307711', 0),
(364, '9', '99999', '', '1411318594', '1411318594', 0),
(365, '9', '111', '', '1411318797', '1411318797', 0),
(366, '9', '@', '', '1411318830', '1411318830', 0),
(367, '9', '!', '', '1411318837', '1411318837', 0),
(368, '9', '$$$', '', '1411318871', '1411318871', 0),
(369, '9', '%%%%', '', '1411318885', '1411318885', 0),
(370, '9', '^^', '', '1411318892', '1411318892', 0),
(372, '9', '22', '', '1411319036', '1411319036', 0),
(373, '9', '3123', '', '1411319040', '1411319040', 0),
(374, '9', 'asd', '', '1411319044', '1411319044', 0),
(375, '9', 'dsa', '', '1411319048', '1411319048', 0),
(376, '9', 'asddda', '', '1411319053', '1411319053', 0),
(377, '9', 'aa', '', '1411319058', '1411319058', 0),
(378, '9', 'asddd', '', '1411319092', '1411319092', 0),
(379, '9', 'aaaaaaaaaaaaaaaaaaaaaaaaaaaaaaaaaaaaaaaaaaaaaaaaaaaaaaaaaaaaaaaaaaaaaaaaaaaaaaaaaaaaaaaaaaaaaaaaaaaaaaaaaaaaaaaaaaaaaaaaaaaaaaaaaaaaaaaaaaaaaaaaaaaaaaaaaaaaaaaaaaaaaaaaaaaaaaaaaaaaaaaaaaaaaaaaaaaaaaaaaaaaaaaaaaaaaaaaaaaaaaaaaaaaaaaaaaaaaaaaaaaaaaaaaaaaaaa', '', '1411319197', '1411319197', 0),
(410, '1', 'permanent', '', '1414940761', '1414940761', 0),
(409, '1', 'perseverance', '', '1414940413', '1414940413', 0),
(408, '1', 'ambition', '', '1414939936', '1414939936', 0),
(407, '1', 'constraint', '', '1414379342', '1414379342', 0),
(406, '15', 'dog', '', '1413075636', '1413075636', 0),
(405, '13', 'fresh', '', '1413018945', '1413018945', 0),
(390, '1', 'value', '', '1411575341', '1411575341', 0),
(391, '1', 'television', '', '1411575428', '1411575428', 0),
(392, '1', 'lovely', '', '1411575462', '1411575462', 0),
(394, '1', 'move', '', '1411575538', '1411575538', 0),
(395, '1', 'thank', '', '1411575587', '1411575587', 0),
(396, '1', 'think', '', '1411575603', '1411575603', 0),
(397, '1', 'action', '', '1411575678', '1411575678', 0),
(398, '1', 'location', '', '1411575690', '1411575690', 0),
(399, '1', 'lotion', '', '1411575703', '1411575703', 0),
(400, '1', 'nation', '', '1411575721', '1411575721', 0),
(401, '1', 'position', '', '1411575732', '1411575732', 0),
(402, '1', 'promotion', '', '1411575747', '1411575747', 0),
(403, '1', 'example', '', '1411576117', '1411576117', 0),
(404, '1', 'student', '', '1411576178', '1411576178', 0);

/*!40101 SET CHARACTER_SET_CLIENT=@OLD_CHARACTER_SET_CLIENT */;
/*!40101 SET CHARACTER_SET_RESULTS=@OLD_CHARACTER_SET_RESULTS */;
/*!40101 SET COLLATION_CONNECTION=@OLD_COLLATION_CONNECTION */;
